Phase,Resources,Track / learning objective,Participant level,Organizer effort,Proposed exercise,Required inputs / preparation,Release gate,Sources / rationale
1 — curate,KNX,Contextual protocol analysis,Intermediate,Intermediate,Decode telegram values and distinguish abnormal commands from their downstream system responses,"PCAP/CSV alignment, engineering dictionary, Target semantics, notices, privacy screening and answer key",Confirm link type; retain MIT notice; document reconstructed chronology,"https://github.com/vgraveto/knx-datasets
https://raw.githubusercontent.com/vgraveto/knx-datasets/main/LICENSE"
1 — curate,4SICS,Asset discovery and mixed-traffic triage,Beginner–intermediate,Intermediate,Build an asset inventory from a short trace and identify evidence of unusual communication,Decode protocol inventory; select coherent excerpt; document capture vantage; author labels; preserve credit,Do not call the complete conference trace benign; meet host attribution statement,https://www.netresec.com/?page=PCAP4SICS
1 — build,GRFICSv3,Integrated packet / process causality,Intermediate,Advanced,"Explain a simulated setpoint change using a request, controller state, evolving process values and an alarm","Pinned simulator, isolated network, controller logic, tag map, process-state export, PCAP and synchronized event oracle",Functional and realism validation; own-output rights review; no connection to real OT,"https://github.com/Fortiphyd/GRFICSv3
https://raw.githubusercontent.com/Fortiphyd/GRFICSv3/main/plc/mbconfig.cfg
https://raw.githubusercontent.com/Fortiphyd/GRFICSv3/main/docker-compose.yml
https://raw.githubusercontent.com/Fortiphyd/GRFICSv3/main/LICENSE"
2 — build,OpenPLC v4,Controller and protocol developer track,Intermediate,Advanced,Build a read-only client / telemetry exporter and verify command-versus-measurement distinctions,"Pinned runtime/plugin, supplied process model, client, tag map and integration tests",Validate actual selected plugin behavior; separate component and captured-output licenses,"https://github.com/Autonomy-Logic/openplc-runtime
https://raw.githubusercontent.com/Autonomy-Logic/openplc-runtime/main/plugins_default.conf
https://raw.githubusercontent.com/Autonomy-Logic/openplc-runtime/main/LICENSE"
2 — build,Conpot,Service discovery and protocol parsers,Beginner–intermediate,Intermediate,Classify industrial endpoint services and compare service emulation with a real process-backed device,"Chosen templates, authorized client interactions, local capture, emulator-fidelity notes",Do not present a honeypot as a physically coherent plant,"https://github.com/mushorg/conpot
https://conpot.readthedocs.io/en/latest/
https://raw.githubusercontent.com/mushorg/conpot/main/LICENSE.txt"
2 — conditional,HAI / HAIEnd,Time-series anomaly detection,Intermediate–advanced,Intermediate,Detect an event and explain which coupled variables changed before and after the labeled interval,"One release, explicit train/test time boundaries, hidden test labels, event-aware scoring and signal dictionary",Resolve conflicting license notices; do not add invented packets or random-row train/test leakage,https://github.com/icsdataset/hai
2 — conditional,SWaT A6,Industrial incident reconstruction,Intermediate–advanced,Intermediate–advanced,Correlate an authorized excerpt of packet activity with historian behavior and documented incident times,"Written team/event permission, exact release files, capture-point/timebase check, tag dictionary and answer key",No private/public onward sharing without authorization,"https://www.sutd.edu.sg/itrust/itrust-labs/datasets/dataset-characteristics/swat/
https://www.sutd.edu.sg/itrust/swat/
https://www.sutd.edu.sg/itrust/itrust-labs/datasets/terms-of-usage/"
3 — conditional,WADI A3 / joint December 2023,Normal baselines and coupled plants,Advanced,Advanced,Model normal process/network relationships between treatment and distribution,"Permission, selected synchronized subset, storage plan, timing checks and known sensor-quality caveats",No attack labels for this release; never attach A1 attack events to A3 packets,"https://www.sutd.edu.sg/itrust/itrust-labs/datasets/dataset-characteristics/swat/
https://www.sutd.edu.sg/itrust/itrust-labs/datasets/dataset-characteristics/wadi/
https://www.sutd.edu.sg/itrust/itrust-labs/datasets/terms-of-usage/"
3 — conditional,IEC61850SecurityDataset,Electrical protection / disturbance triage,Intermediate–advanced,Intermediate,Distinguish a legitimate electrical disturbance from inconsistent GOOSE state/event behavior,"Owner permission, substation diagram, IED configuration, frame/time annotations and separate truth-status fields",Do not claim attack CSV proves physical attack effects,https://github.com/smartgridadsc/IEC61850SecurityDataset
3 — conditional,S4x15,Historical multi-host CTF reconstruction,Intermediate,Intermediate–advanced,"Reconstruct relationships among controller, HMI and workstation captures","Owner rights clarification, cross-file timestamp/deduplication checks and instructor-curated event key",Hosting permission is not automatically downstream redistribution permission,https://www.netresec.com/?page=DigitalBond_S4
All phases,NIST + MITRE,"Architecture, evidence and scenario vocabulary",Foundational–advanced,Low–intermediate,Explain the operational impact and attach supported technique mappings to evidence,"Revision 3 baseline, clearly labeled draft notes, pinned ATT&CK collection, notices and scoring rubric",A technique mapping is not a proof that an event occurred,"https://csrc.nist.gov/pubs/sp/800/82/r3/final
https://csrc.nist.gov/pubs/sp/800/82/r4/ipd
https://attack.mitre.org/matrices/ics/
https://github.com/mitre-attack/attack-stix-data
https://raw.githubusercontent.com/mitre-attack/attack-stix-data/master/LICENSE.txt"
