capture_id,resource_id,group,file,download_url,landing_page,host,size_bytes,detected_format,http_status,content_type,check_method,checked,note
C01,R09,4SICS Geek Lounge 2015-10-20,4SICS-GeekLounge-151020.pcap,https://share.netresec.com/s/xYj2qCNbsLEAd6M/download/4SICS-GeekLounge-151020.pcap,https://www.netresec.com/?page=PCAP4SICS,Netresec public share (Nextcloud),25711082,pcap,206,application/octet-stream,browser same-origin ranged GET (bytes 0-15),2026-09-28,
C02,R09,4SICS Geek Lounge 2015-10-21,4SICS-GeekLounge-151021.pcap,https://share.netresec.com/s/camL59aoxbCRyyZ/download/4SICS-GeekLounge-151021.pcap,https://www.netresec.com/?page=PCAP4SICS,Netresec public share (Nextcloud),139998821,pcap,206,application/octet-stream,browser same-origin ranged GET (bytes 0-15),2026-09-28,
C03,R09,4SICS Geek Lounge 2015-10-22,4SICS-GeekLounge-151022.pcap,https://share.netresec.com/s/gw6Y2QzJHqDD5pr/download/4SICS-GeekLounge-151022.pcap,https://www.netresec.com/?page=PCAP4SICS,Netresec public share (Nextcloud),209236002,pcap,206,application/octet-stream,browser same-origin ranged GET (bytes 0-15),2026-09-28,
C04,R10,Advantech PLC,Advantech.pcap,https://share.netresec.com/s/3jAPdoBzRsG8NLo/download/Advantech.pcap,https://www.netresec.com/?page=DigitalBond_S4,Netresec public share (Nextcloud),40229,pcap,206,application/octet-stream,browser same-origin ranged GET (bytes 0-15),2026-09-28,
C05,R10,BACnet Internet,BACnet_FIU.pcap,https://share.netresec.com/s/At9EfzR6SKP8E8j/download/BACnet_FIU.pcap,https://www.netresec.com/?page=DigitalBond_S4,Netresec public share (Nextcloud),10740128,pcapng,206,application/octet-stream,browser same-origin ranged GET (bytes 0-15),2026-09-28,File name says .pcap but content is pcapng; use a pcapng-aware reader.
C06,R10,BACnet corporate zone,BACnet_Host.pcap,https://share.netresec.com/s/D2r6eBMbHPwWD7X/download/BACnet_Host.pcap,https://www.netresec.com/?page=DigitalBond_S4,Netresec public share (Nextcloud),1827202,pcap,206,application/octet-stream,browser same-origin ranged GET (bytes 0-15),2026-09-28,
C07,R10,MicroLogix,MicroLogix56.pcap,https://share.netresec.com/s/ikw3mbzkyx52SP9/download/MicroLogix56.pcap,https://www.netresec.com/?page=DigitalBond_S4,Netresec public share (Nextcloud),10126480,pcapng,206,application/octet-stream,browser same-origin ranged GET (bytes 0-15),2026-09-28,File name says .pcap but content is pcapng; use a pcapng-aware reader.
C08,R10,Modicon PLC,Modicon.pcap,https://share.netresec.com/s/GByJiszxbqQXCnj/download/Modicon.pcap,https://www.netresec.com/?page=DigitalBond_S4,Netresec public share (Nextcloud),883249,pcap,206,application/octet-stream,browser same-origin ranged GET (bytes 0-15),2026-09-28,
C09,R10,Windows XP,WinXP.pcap,https://share.netresec.com/s/4mBsCaxMmBrHtAH/download/WinXP.pcap,https://www.netresec.com/?page=DigitalBond_S4,Netresec public share (Nextcloud),3392686,pcap,206,application/octet-stream,browser same-origin ranged GET (bytes 0-15),2026-09-28,
C10,R10,iFix client,iFix_Client86.pcap,https://share.netresec.com/s/n6it55pewtQQPCt/download/iFix_Client86.pcap,https://www.netresec.com/?page=DigitalBond_S4,Netresec public share (Nextcloud),988148,pcapng,206,application/octet-stream,browser same-origin ranged GET (bytes 0-15),2026-09-28,File name says .pcap but content is pcapng; use a pcapng-aware reader.
C11,R10,iFix server,iFix_Server119.pcap,https://share.netresec.com/s/PwEtpcxTKpLBLzB/download/iFix_Server119.pcap,https://www.netresec.com/?page=DigitalBond_S4,Netresec public share (Nextcloud),13451008,pcapng,206,application/octet-stream,browser same-origin ranged GET (bytes 0-15),2026-09-28,File name says .pcap but content is pcapng; use a pcapng-aware reader.
C12,R07,Attack: composite,Attack/CompositeAttack.pcapng,https://raw.githubusercontent.com/smartgridadsc/IEC61850SecurityDataset/master/Attack/CompositeAttack.pcapng,https://github.com/smartgridadsc/IEC61850SecurityDataset,"GitHub raw (smartgridadsc/IEC61850SecurityDataset, branch master)",7192780,pcapng,206,application/octet-stream,curl ranged GET (bytes 0-15),2026-09-28,
C13,R07,Attack: data manipulation AS1,Attack/Data Manipulation (DM)/AS1.pcapng,https://raw.githubusercontent.com/smartgridadsc/IEC61850SecurityDataset/master/Attack/Data%20Manipulation%20%28DM%29/AS1.pcapng,https://github.com/smartgridadsc/IEC61850SecurityDataset,"GitHub raw (smartgridadsc/IEC61850SecurityDataset, branch master)",7477360,pcapng,206,application/octet-stream,curl ranged GET (bytes 0-15),2026-09-28,
C14,R07,Attack: data manipulation AS2,Attack/Data Manipulation (DM)/AS2.pcapng,https://raw.githubusercontent.com/smartgridadsc/IEC61850SecurityDataset/master/Attack/Data%20Manipulation%20%28DM%29/AS2.pcapng,https://github.com/smartgridadsc/IEC61850SecurityDataset,"GitHub raw (smartgridadsc/IEC61850SecurityDataset, branch master)",7620760,pcapng,206,application/octet-stream,curl ranged GET (bytes 0-15),2026-09-28,
C15,R07,Attack: data manipulation AS3,Attack/Data Manipulation (DM)/AS3.pcapng,https://raw.githubusercontent.com/smartgridadsc/IEC61850SecurityDataset/master/Attack/Data%20Manipulation%20%28DM%29/AS3.pcapng,https://github.com/smartgridadsc/IEC61850SecurityDataset,"GitHub raw (smartgridadsc/IEC61850SecurityDataset, branch master)",6323868,pcapng,206,application/octet-stream,curl ranged GET (bytes 0-15),2026-09-28,
C16,R07,Attack: denial of service AS1,Attack/Denial of Service (DoS)/AS1.pcapng,https://raw.githubusercontent.com/smartgridadsc/IEC61850SecurityDataset/master/Attack/Denial%20of%20Service%20%28DoS%29/AS1.pcapng,https://github.com/smartgridadsc/IEC61850SecurityDataset,"GitHub raw (smartgridadsc/IEC61850SecurityDataset, branch master)",9341496,pcapng,206,application/octet-stream,curl ranged GET (bytes 0-15),2026-09-28,
C17,R07,Attack: message suppression AS1,Attack/Message Suppression (MS)/AS1.pcapng,https://raw.githubusercontent.com/smartgridadsc/IEC61850SecurityDataset/master/Attack/Message%20Suppression%20%28MS%29/AS1.pcapng,https://github.com/smartgridadsc/IEC61850SecurityDataset,"GitHub raw (smartgridadsc/IEC61850SecurityDataset, branch master)",7179740,pcapng,206,application/octet-stream,curl ranged GET (bytes 0-15),2026-09-28,
C18,R07,Attack: message suppression AS2,Attack/Message Suppression (MS)/AS2.pcapng,https://raw.githubusercontent.com/smartgridadsc/IEC61850SecurityDataset/master/Attack/Message%20Suppression%20%28MS%29/AS2.pcapng,https://github.com/smartgridadsc/IEC61850SecurityDataset,"GitHub raw (smartgridadsc/IEC61850SecurityDataset, branch master)",7592628,pcapng,206,application/octet-stream,curl ranged GET (bytes 0-15),2026-09-28,
C19,R07,Attack: message suppression AS3,Attack/Message Suppression (MS)/AS3.pcapng,https://raw.githubusercontent.com/smartgridadsc/IEC61850SecurityDataset/master/Attack/Message%20Suppression%20%28MS%29/AS3.pcapng,https://github.com/smartgridadsc/IEC61850SecurityDataset,"GitHub raw (smartgridadsc/IEC61850SecurityDataset, branch master)",7824296,pcapng,206,application/octet-stream,curl ranged GET (bytes 0-15),2026-09-28,
C20,R07,Attack: message suppression AS4,Attack/Message Suppression (MS)/AS4.pcapng,https://raw.githubusercontent.com/smartgridadsc/IEC61850SecurityDataset/master/Attack/Message%20Suppression%20%28MS%29/AS4.pcapng,https://github.com/smartgridadsc/IEC61850SecurityDataset,"GitHub raw (smartgridadsc/IEC61850SecurityDataset, branch master)",7472636,pcapng,206,application/octet-stream,curl ranged GET (bytes 0-15),2026-09-28,
C21,R07,Disturbance: breaker failure,Disturbance/Breaker Failure/BreakFailure.pcapng,https://raw.githubusercontent.com/smartgridadsc/IEC61850SecurityDataset/master/Disturbance/Breaker%20Failure/BreakFailure.pcapng,https://github.com/smartgridadsc/IEC61850SecurityDataset,"GitHub raw (smartgridadsc/IEC61850SecurityDataset, branch master)",7403928,pcapng,206,application/octet-stream,curl ranged GET (bytes 0-15),2026-09-28,
C22,R07,Disturbance: busbar protection,Disturbance/Busbar Protection/BusbarProtection.pcapng,https://raw.githubusercontent.com/smartgridadsc/IEC61850SecurityDataset/master/Disturbance/Busbar%20Protection/BusbarProtection.pcapng,https://github.com/smartgridadsc/IEC61850SecurityDataset,"GitHub raw (smartgridadsc/IEC61850SecurityDataset, branch master)",6932212,pcapng,206,application/octet-stream,curl ranged GET (bytes 0-15),2026-09-28,
C23,R07,Disturbance: under-frequency,Disturbance/Under frequency/UnderFrequency.pcapng,https://raw.githubusercontent.com/smartgridadsc/IEC61850SecurityDataset/master/Disturbance/Under%20frequency/UnderFrequency.pcapng,https://github.com/smartgridadsc/IEC61850SecurityDataset,"GitHub raw (smartgridadsc/IEC61850SecurityDataset, branch master)",6978048,pcapng,206,application/octet-stream,curl ranged GET (bytes 0-15),2026-09-28,
C24,R07,Normal: no variable loading,Normal/No_Variable_Loading/Normal.pcapng,https://raw.githubusercontent.com/smartgridadsc/IEC61850SecurityDataset/master/Normal/No_Variable_Loading/Normal.pcapng,https://github.com/smartgridadsc/IEC61850SecurityDataset,"GitHub raw (smartgridadsc/IEC61850SecurityDataset, branch master)",7052508,pcapng,206,application/octet-stream,curl ranged GET (bytes 0-15),2026-09-28,
C25,R07,Normal: variable loading,Normal/Variable_Loading/VariableLoad.pcapng,https://raw.githubusercontent.com/smartgridadsc/IEC61850SecurityDataset/master/Normal/Variable_Loading/VariableLoad.pcapng,https://github.com/smartgridadsc/IEC61850SecurityDataset,"GitHub raw (smartgridadsc/IEC61850SecurityDataset, branch master)",7213244,pcapng,206,application/octet-stream,curl ranged GET (bytes 0-15),2026-09-28,
C26,R08,Original capture,Dataset/Original/all_KNX.pcapng,https://raw.githubusercontent.com/vgraveto/knx-datasets/main/Dataset/Original/all_KNX.pcapng,https://github.com/vgraveto/knx-datasets,"GitHub raw (vgraveto/knx-datasets, branch main)",16714700,pcapng,206,application/octet-stream,curl ranged GET (bytes 0-15),2026-09-28,
C27,R08,DI variant,Dataset/DI/all_KNX_DI.pcapng,https://raw.githubusercontent.com/vgraveto/knx-datasets/main/Dataset/DI/all_KNX_DI.pcapng,https://github.com/vgraveto/knx-datasets,"GitHub raw (vgraveto/knx-datasets, branch main)",17084060,pcapng,206,application/octet-stream,curl ranged GET (bytes 0-15),2026-09-28,
C28,R08,LS variant,Dataset/LS/all_KNX_LS.pcapng,https://raw.githubusercontent.com/vgraveto/knx-datasets/main/Dataset/LS/all_KNX_LS.pcapng,https://github.com/vgraveto/knx-datasets,"GitHub raw (vgraveto/knx-datasets, branch main)",16781468,pcapng,206,application/octet-stream,curl ranged GET (bytes 0-15),2026-09-28,
C29,R08,MI/HR variant,Dataset/MI/HR/all_KNX_MI_HR.pcapng,https://raw.githubusercontent.com/vgraveto/knx-datasets/main/Dataset/MI/HR/all_KNX_MI_HR.pcapng,https://github.com/vgraveto/knx-datasets,"GitHub raw (vgraveto/knx-datasets, branch main)",17374700,pcapng,206,application/octet-stream,curl ranged GET (bytes 0-15),2026-09-28,
C30,R08,IC decimal 1,Dataset/IC/all_KNX_IC_decimal_1.pcapng,https://raw.githubusercontent.com/vgraveto/knx-datasets/main/Dataset/IC/all_KNX_IC_decimal_1.pcapng,https://github.com/vgraveto/knx-datasets,"GitHub raw (vgraveto/knx-datasets, branch main)",16881812,pcapng,206,application/octet-stream,curl ranged GET (bytes 0-15),2026-09-28,
C31,R08,IC decimal 5,Dataset/IC/all_KNX_IC_decimal_5.pcapng,https://raw.githubusercontent.com/vgraveto/knx-datasets/main/Dataset/IC/all_KNX_IC_decimal_5.pcapng,https://github.com/vgraveto/knx-datasets,"GitHub raw (vgraveto/knx-datasets, branch main)",17550348,pcapng,206,application/octet-stream,curl ranged GET (bytes 0-15),2026-09-28,
C32,R08,IC decimal 10,Dataset/IC/all_KNX_IC_decimal_10.pcapng,https://raw.githubusercontent.com/vgraveto/knx-datasets/main/Dataset/IC/all_KNX_IC_decimal_10.pcapng,https://github.com/vgraveto/knx-datasets,"GitHub raw (vgraveto/knx-datasets, branch main)",18386084,pcapng,206,application/octet-stream,curl ranged GET (bytes 0-15),2026-09-28,
C33,R08,IC hexadecimal 1,Dataset/IC/all_KNX_IC_hexadecimal_1.pcapng,https://raw.githubusercontent.com/vgraveto/knx-datasets/main/Dataset/IC/all_KNX_IC_hexadecimal_1.pcapng,https://github.com/vgraveto/knx-datasets,"GitHub raw (vgraveto/knx-datasets, branch main)",16881812,pcapng,206,application/octet-stream,curl ranged GET (bytes 0-15),2026-09-28,
C34,R08,IC hexadecimal 5,Dataset/IC/all_KNX_IC_hexadecimal_5.pcapng,https://raw.githubusercontent.com/vgraveto/knx-datasets/main/Dataset/IC/all_KNX_IC_hexadecimal_5.pcapng,https://github.com/vgraveto/knx-datasets,"GitHub raw (vgraveto/knx-datasets, branch main)",17550348,pcapng,206,application/octet-stream,curl ranged GET (bytes 0-15),2026-09-28,
C35,R08,IC hexadecimal 10,Dataset/IC/all_KNX_IC_hexadecimal_10.pcapng,https://raw.githubusercontent.com/vgraveto/knx-datasets/main/Dataset/IC/all_KNX_IC_hexadecimal_10.pcapng,https://github.com/vgraveto/knx-datasets,"GitHub raw (vgraveto/knx-datasets, branch main)",18386040,pcapng,206,application/octet-stream,curl ranged GET (bytes 0-15),2026-09-28,
C36,R08,MI/SR decimal 1,Dataset/MI/SR/all_KNX_MI_SR_decimal_1.pcapng,https://raw.githubusercontent.com/vgraveto/knx-datasets/main/Dataset/MI/SR/all_KNX_MI_SR_decimal_1.pcapng,https://github.com/vgraveto/knx-datasets,"GitHub raw (vgraveto/knx-datasets, branch main)",16881812,pcapng,206,application/octet-stream,curl ranged GET (bytes 0-15),2026-09-28,
C37,R08,MI/SR decimal 5,Dataset/MI/SR/all_KNX_MI_SR_decimal_5.pcapng,https://raw.githubusercontent.com/vgraveto/knx-datasets/main/Dataset/MI/SR/all_KNX_MI_SR_decimal_5.pcapng,https://github.com/vgraveto/knx-datasets,"GitHub raw (vgraveto/knx-datasets, branch main)",17550392,pcapng,206,application/octet-stream,curl ranged GET (bytes 0-15),2026-09-28,
C38,R08,MI/SR decimal 10,Dataset/MI/SR/all_KNX_MI_SR_decimal_10.pcapng,https://raw.githubusercontent.com/vgraveto/knx-datasets/main/Dataset/MI/SR/all_KNX_MI_SR_decimal_10.pcapng,https://github.com/vgraveto/knx-datasets,"GitHub raw (vgraveto/knx-datasets, branch main)",18386128,pcapng,206,application/octet-stream,curl ranged GET (bytes 0-15),2026-09-28,
C39,R08,MI/SR hexadecimal 1,Dataset/MI/SR/all_KNX_MI_SR_hexadecimal_1.pcapng,https://raw.githubusercontent.com/vgraveto/knx-datasets/main/Dataset/MI/SR/all_KNX_MI_SR_hexadecimal_1.pcapng,https://github.com/vgraveto/knx-datasets,"GitHub raw (vgraveto/knx-datasets, branch main)",16881812,pcapng,206,application/octet-stream,curl ranged GET (bytes 0-15),2026-09-28,
C40,R08,MI/SR hexadecimal 5,Dataset/MI/SR/all_KNX_MI_SR_hexadecimal_5.pcapng,https://raw.githubusercontent.com/vgraveto/knx-datasets/main/Dataset/MI/SR/all_KNX_MI_SR_hexadecimal_5.pcapng,https://github.com/vgraveto/knx-datasets,"GitHub raw (vgraveto/knx-datasets, branch main)",17550392,pcapng,206,application/octet-stream,curl ranged GET (bytes 0-15),2026-09-28,
C41,R08,MI/SR hexadecimal 10,Dataset/MI/SR/all_KNX_MI_SR_hexadecimal_10.pcapng,https://raw.githubusercontent.com/vgraveto/knx-datasets/main/Dataset/MI/SR/all_KNX_MI_SR_hexadecimal_10.pcapng,https://github.com/vgraveto/knx-datasets,"GitHub raw (vgraveto/knx-datasets, branch main)",18386128,pcapng,206,application/octet-stream,curl ranged GET (bytes 0-15),2026-09-28,
