ID,Resource / scope,Category,Sector / process,Device types,Protocol coverage,Protocol evidence,PCAP availability,Other data formats,Physical-process ground truth,Attack labels / semantics,Topology / configuration,License / terms,Redistribution gate,Access / release caveat,Network realism,Process realism,Operational realism caveat,Participant difficulty,Organizer effort,Build-a-thon suitability,Adoption action,Primary sources,Rights sources,Verified
R01,Graphical Realism Framework for Industrial Control Simulations version 3 (GRFICSv3),Generator,Chemical-process simulation,Programmable Logic Controller (PLC); Human-Machine Interface (HMI); engineering station; simulated process devices; firewall and monitoring,Modbus over Transmission Control Protocol (Modbus TCP) is configured; other bundled services require validation,Configuration verified; no generated capture inspected,Generate locally; not a packaged labeled PCAP dataset,Simulator state and component logs; export/instrumentation required,Simulated dynamic process; export the simulator state separately from potentially manipulated controller readings,"No ready-made event ground truth; author scenario IDs, start/end times and affected tags","Compose segmentation, addresses and device configuration supplied",GNU General Public License version 3 (GPL-3.0) repository; dependencies may differ,Own-output review,Public code; pin commit and images. Bundled PLC runtime is not necessarily standalone OpenPLC v4,Real protocol implementations in virtual lab; fidelity requires capture validation,Dynamic simulation; not measurements from a physical production plant,"Rare operator, maintenance and fault events must be deliberately scripted",Intermediate,Advanced,"Core custom cyber-physical track: synchronized PCAP, process values, events and answer keys",Build & validate,"https://github.com/Fortiphyd/GRFICSv3
https://raw.githubusercontent.com/Fortiphyd/GRFICSv3/main/plc/mbconfig.cfg
https://raw.githubusercontent.com/Fortiphyd/GRFICSv3/main/docker-compose.yml",https://raw.githubusercontent.com/Fortiphyd/GRFICSv3/main/LICENSE,2026-09-27
R02,OpenPLC Runtime v4,Generator,User-defined industrial process,Software PLC; physical or virtual inputs/outputs; external HMI and plant supplied by builder,"Modbus master/slave, Open Platform Communications Unified Architecture (OPC UA), S7comm and EtherCAT plugins listed","Plugin manifest verified; feature support is not proof of configured, captured traffic",Generate locally with clients and capture point,Controller variables and runtime logs; user must export,None inherent; attach a physical process or simulation,No dataset labels; event oracle must be authored,"Runtime configuration supplied; plant network, tag map and physical model are user-defined",MIT license for current runtime; editor/plugins/dependencies and legacy versions need separate checks,Own-output review,Public code; headless version 4 differs from older web-based versions,Controller implementation; depends on plugin configuration and clients,None standalone; entirely integration-dependent,A functioning controller is not a complete operating plant,Intermediate,Advanced,"Builder track for protocol clients, controller instrumentation and custom process integration",Build & validate,"https://github.com/Autonomy-Logic/openplc-runtime
https://raw.githubusercontent.com/Autonomy-Logic/openplc-runtime/main/plugins_default.conf",https://raw.githubusercontent.com/Autonomy-Logic/openplc-runtime/main/LICENSE,2026-09-27
R03,Conpot,Generator,Industrial-service emulation; generic industrial / building / utility endpoints,Emulated PLC or industrial service endpoints; no physical plant,"Template-dependent Modbus, S7comm, EtherNet/IP, BACnet, IEC 60870-5-104 and meter protocols",Documented emulated services; do not assume full vendor stack or cyclic I/O,Generate locally; runtime logs are not packet captures,Service interaction logs and templates,No physical-process ground truth out of the box,No inherent validated attack labels; requests and service logs need interpretation,Endpoint templates supplied; multi-host topology is user-built,GNU General Public License version 2 (GPL-2.0) repository,Own-output review,Public code; capture only authorized isolated-lab interactions,Useful endpoint/service behavior; limited fidelity compared with real controllers,Low: no causal process model,"Not suitable alone as a clean, authentic production baseline",Beginner–intermediate,Intermediate,"Introductory discovery, parsing and service-fingerprinting track",Build & validate,"https://github.com/mushorg/conpot
https://conpot.readthedocs.io/en/latest/",https://raw.githubusercontent.com/mushorg/conpot/main/LICENSE.txt,2026-09-27
R04,Secure Water Treatment (SWaT),Dataset / capture,Six-stage physical water-treatment testbed,"PLCs; remote Input/Output (I/O); HMI; Supervisory Control and Data Acquisition (SCADA); historian; pumps, valves and sensors",EtherNet/IP documented for lab; exact per-edition wire inventory still needs decoding,Owner testbed architecture; not a full packet-level verification,Request-gated; A6 explicitly includes PCAP + historian. Availability varies by edition,"Historian comma-separated values (CSV); labels and attack descriptions, edition-dependent",Measured laboratory telemetry; not automatically independent truth during sensor manipulation,Attack windows / labels in attacked releases; A6 has six documented attacks; December 2023 release is attack-free,Owner physical and network diagrams; exact per-release asset/tag mapping must be checked,"Custom iTrust terms; attribution, publication notice and requester disclosure",Permission required,No private or public onward sharing. A6 is a manageable candidate; newer 2026 releases need content review,Authentic industrial devices and lab communications,High physical-lab fidelity; scale and operating modes differ from production,"Do not mix release identities, attack labels or normal periods across editions",Intermediate–advanced,Intermediate–advanced,Strong integrated packet/process investigation after written team/event permission,Permission required,"https://www.sutd.edu.sg/itrust/itrust-labs/datasets/dataset-characteristics/swat/
https://www.sutd.edu.sg/itrust/swat/
https://www.sutd.edu.sg/itrust/itrust-labs/datasets/summary-of-available-datasets/",https://www.sutd.edu.sg/itrust/itrust-labs/datasets/terms-of-usage/,2026-09-27
R05,Water Distribution (WADI),Dataset / capture,Physical water-distribution testbed,"PLCs; remote I/O; Remote Terminal Units (RTUs); gateways; SCADA; historian; tanks, pumps and valves",EtherNet/IP and Modbus documented for lab; per-edition packet inventory unverified,"Owner architecture, not evidence that every protocol appears in every release","Confirmed for A3 December 2023, attack-free. Raw PCAP not confirmed in A1/A2 packages",Sensor/actuator CSV; 123 channels in A1; historian synchronized with A3 PCAP,Measured physical distribution process; sensor telemetry is not necessarily independent truth,"A1 has 15 attacks; corrected A2 uses -1=attack, +1=normal. A3 has no attacks",Owner process and network diagrams; exact capture vantage and tag dictionary need release inspection,Same custom iTrust terms as SWaT,Permission required,A3 alone is approximately 335 GB; never align 2017 attacks with 2023 PCAP as one incident,Authentic physical-lab traffic,High physical-lab fidelity,Large normal-only capture is not a labeled network attack corpus,Advanced,Advanced,Baseline learning and cross-system process modeling; attacked process-only track using A1/A2,Permission required,"https://www.sutd.edu.sg/itrust/itrust-labs/datasets/dataset-characteristics/wadi/
https://www.sutd.edu.sg/itrust/wadi/
https://www.sutd.edu.sg/itrust/itrust-labs/datasets/summary-of-available-datasets/",https://www.sutd.edu.sg/itrust/itrust-labs/datasets/terms-of-usage/,2026-09-27
R06,Hardware-in-the-Loop-based Augmented ICS (HAI) / HAIEnd,Dataset / capture,"Boiler, turbine, water treatment and simulated power generation",GE and Emerson Distributed Control Systems (DCSs); Siemens PLCs; remote I/O; OPC UA gateway; hardware-in-the-loop simulator,OPC UA acquisition documented; released CSV does not establish packet-level protocol coverage,Acquisition architecture only; no raw protocol capture in described release,No PCAP in described repository dataset releases,Compressed CSV time series; HAIEnd internal boiler-control points; NetworkX graphs,Measured lab variables coupled to Hardware-in-the-Loop (HIL) simulation,Global attack flag; per-process flags removed from 22.04. HAIEnd 23.05 collected alongside HAI 23.05,Published control/process graphs and linked technical manual; not a packet-level topology audit,Conflicting notices: CC BY-SA 4.0 in license section; CC BY 4.0 in metadata,License clarification,Public downloads; Git Large File Storage needed from 22.04; preserve file/run boundaries,Not assessable from process-only CSV,High lab/HIL value for coupled-variable analysis; not wholly physical production,Labels and signal sets vary by release; avoid random row splits that leak adjacent time periods,Intermediate–advanced,Intermediate,Process-anomaly and explainable-detection track; not packet forensics,License clarification,https://github.com/icsdataset/hai,https://github.com/icsdataset/hai,2026-09-27
R07,IEC61850SecurityDataset,Dataset / capture,Synthesized electrical substation,"18 simulated Intelligent Electronic Devices (IEDs), four buses and protection/breaker functions",International Electrotechnical Commission (IEC) 61850 Generic Object Oriented Substation Event (GOOSE),Dataset explicitly describes GOOSE; Manufacturing Message Specification and Sampled Values not established,Provided as PCAP Next Generation (PCAPNG),"Per-IED CSV, 18 configuration files and one-line diagram",Baseline transmitted values / synthesized process context. Attack CSV files reuse normal baseline,Scenario folders plus attack frame/time references; includes normal and legitimate electrical disturbances,One-line diagram and instantiated IED configuration files,No explicit reuse license found in reviewed repository tree; download/citation wording is not a redistribution grant,Permission required,Public download; obtain owner permission before bundling into company training,Synthesized protocol traces with explicit electrical-event scenarios,Limited attack-effect truth: baseline CSV cannot prove post-attack physical consequences,Do not portray all disturbances as attacks or baseline CSV as independent incident ground truth,Intermediate–advanced,Intermediate,Electrical protocol/state-sequence CTF and benign-disturbance versus malicious-event analysis,Permission required,https://github.com/smartgridadsc/IEC61850SecurityDataset,https://github.com/smartgridadsc/IEC61850SecurityDataset,2026-09-27
R08,KNX contextual datasets,Dataset / capture,Real residential building automation,"Motion, temperature and light sensors; lighting/blind/heating actuators; touch panels and alarms",KNX twisted-pair bus telegrams; do not assume KNXnet/IP Ethernet framing,Owner describes bus capture; capture link type still needs file inspection,Provided PCAP plus enriched CSV,"Engineering context: source/destination, location, function, values and Target field",Real installation context and observations; no separate synchronized physical historian established,Target=1 includes attacks AND system responses. Captured attack sessions are merged into baseline with modified timestamps,Engineering-tool metadata and device context; not a full conventional IP topology,MIT repository license; review external mirror terms separately,Attribution / review,Public repository; privacy review for occupancy/location patterns before distribution,"Real bus traffic, with reconstructed attack chronology",Real installation observations; no independent physical oracle,Mixed timeline is not an uninterrupted natural attack recording,Intermediate,Intermediate,Strong contextual detection and semantic-decoder track after notice/privacy checks,Curate & validate,https://github.com/vgraveto/knx-datasets,https://raw.githubusercontent.com/vgraveto/knx-datasets/main/LICENSE,2026-09-27
R09,4SICS ICS Lab captures,Dataset / capture,"Multi-vendor industrial conference lab, October 2015",PLCs; RTUs; remote I/O; gateways; Windows clients; industrial switches and firewalls,"Inventory exposes Modbus, Siemens S7 and DNP3 service candidates; actual captured mix not fully decoded",Device/service inventory only; a port listing does not prove packet coverage,Three downloadable PCAPs; published sizes approximately 25 / 134 / 200 MB,Device/service inventory and lab layout,No synchronized physical-process truth supplied,No curated per-event or per-packet attack labels; conference testing is mixed,"Inventory, addresses and physical layout/photos supplied",Custom training/redistribution statement: credit CS3Sthlm and link Netresec,Attribution / review,"Public download; statement contemplates training and redistribution with attribution, not a general software license",Authentic heterogeneous industrial lab traffic,No measured process context suitable as independent truth,Legacy conference lab is not a clean benign or modern production baseline,Beginner–intermediate (curated),Intermediate,"Practical asset discovery, protocol inventory and mixed-traffic investigation",Curate & validate,https://www.netresec.com/?page=PCAP4SICS,https://www.netresec.com/?page=PCAP4SICS,2026-09-27
R10,Digital Bond S4x15 ICS Village captures,Dataset / capture,"Industrial Capture-the-Flag (CTF), January 2015",MicroLogix and Modicon PLCs; Advantech; BACnet devices; iFIX client/server; Windows workstation,BACnet explicitly named; candidate PLC protocols require PCAP decoding before claiming coverage,Named capture files and device inventory; no full wire-level validation,Eight downloadable device-oriented PCAPs,Network diagram and host context,No synchronized physical-process ground truth supplied,"CTF activity, but no complete machine-readable event labels found",Network diagram and host-specific files,Host received publication permission; no broad downstream redistribution grant found,Permission required,Public download does not establish company repackaging permission,Authentic legacy mixed CTF activity,No process historian / physical oracle established,Do not reuse as normal-only traffic; substantial context and answer-key curation needed,Intermediate,Intermediate–advanced,Historical multi-host incident reconstruction after owner clearance,Permission required,https://www.netresec.com/?page=DigitalBond_S4,https://www.netresec.com/?page=DigitalBond_S4,2026-09-27
R11,National Institute of Standards and Technology (NIST) Special Publication (SP) 800-82,Framework,Cross-sector Operational Technology (OT) security,"Reference architectures cover controllers, supervisory systems and supporting infrastructure",Broad protocol/security guidance; does not supply protocol traffic,Guidance only,Not applicable; no packet dataset,Technical publication and architecture figures,Not applicable,Not attack labels; architectural/security concepts for exercise design,"Reference architecture diagrams, not a dataset-specific live topology",NIST technical-publication reuse policy; third-party material exceptions apply,Reference reuse,"Revision 3 final is baseline; Revision 4 initial public draft dated September 21, 2026",Not applicable,Not applicable,Draft guidance must not be represented as final requirements,Foundational–advanced,Low,"Curriculum, architecture and facilitator-review baseline",Reference ready,"https://csrc.nist.gov/pubs/sp/800/82/r3/final
https://csrc.nist.gov/pubs/sp/800/82/r4/ipd",https://www.nist.gov/open/copyright-fair-use-and-licensing-statements-srd-data-software-and-technical-series-publications,2026-09-27
R12,MITRE ATT&CK for ICS,Framework,Cross-sector industrial adversary behavior,Industrial assets and systems described in knowledge base,Taxonomy may reference protocols; no traffic samples supplied,"Structured knowledge, not measured traffic",Not applicable; no packet dataset,Structured Threat Information Expression (STIX) 2.1 knowledge collections,Not applicable,Technique identifiers support scenario tagging; they are not observed dataset labels,"Behavior / relationship model, not a physical network topology","MITRE custom license permits research, development and commercial uses with notices",Reference reuse,Website version 19.2 at review; pin exact ICS collection/version and preserve notices,Not applicable,Not applicable,Mapping a technique is an analytical claim that requires evidence; it does not create ground truth,Intermediate,Low–intermediate,"Shared scenario vocabulary, evidence mapping and knowledge-graph developer tasks",Reference ready,"https://attack.mitre.org/matrices/ics/
https://github.com/mitre-attack/attack-stix-data
https://attack.mitre.org/resources/versions/","https://raw.githubusercontent.com/mitre-attack/attack-stix-data/master/LICENSE.txt
https://attack.mitre.org/resources/legal-and-branding/",2026-09-27
R13,ITI ICS-Security-Tools capture collection,Dataset / capture,"Community-assembled multi-vendor captures; lab, conformance and test-tree provenance varies by subfolder","Mixed: DNP3 outstations/masters, Siemens S7, Modbus TCP devices, IEC 104 and IEC 61850 endpoints, EtherNet/IP, C37.118 PMUs, PROFINET, DLMS/COSEM meters, Zigbee (per folder READMEs)","DNP3 (incl. OpenDNP3 3.0 conformance set), S7comm, Modbus TCP, IEC 60870-5-104, IEC 61850, EtherNet/IP/CIP, C37.118, PROFINET, DLMS-COSEM, Zigbee; OpenICS and QuickDraw parser test data",Folder labels and per-folder READMEs; 378 files verified as libpcap/pcapng by magic number on 2026-09-28; payloads not decoded per protocol by this catalog,"378 capture files, 121 MB, downloadable individually over GitHub raw; no LFS","Wireshark dissector reference table, OpenDNP3 conformance report, OPC specifications, DLMS security review",No physical-process measurements supplied; captures are network-only,"No per-packet attack labels; some folders (QuickDraw, firewall-test DNP3) are synthetic test cases by design",Per-folder READMEs only; no unified topology,Creative Commons Attribution 4.0 (repository LICENSE.md); individual captures may carry upstream credits noted in folder READMEs,Attribution / review,Public download; attribution required; check folder READMEs for third-party origin before redistribution,"Heterogeneous: some authentic lab traffic, some hand-built parser/firewall test cases",No independent process truth; realism limited to protocol exchanges,Do not present parser test cases as production traffic; many files are minimal single-function exchanges,Beginner–intermediate,Low,"Protocol dissection drills, parser and IDS signature testing, broad protocol survey",Curate & validate,https://github.com/ITI/ICS-Security-Tools/tree/master/pcaps,https://raw.githubusercontent.com/ITI/ICS-Security-Tools/master/LICENSE.md,2026-09-28
R14,Lemay & Fernandez Modbus dataset (CSET 2016),Dataset / capture,"Small SCADA sandbox: Modbus TCP master polling 3, 6 or 12 emulated RTUs; IT-side host compromise scenarios","Emulated RTUs (Modbus TCP), Windows master station, attacker host","Modbus TCP; IT protocols during exploitation (SMB, C2)",README scenario descriptions; 11 root-level pcaps verified by magic number; 8 zip archives (channel_* captures) not opened by this catalog,11 pcap files (85 MB) plus 8 zip archives at repository root; GitHub raw,None documented beyond README,No physical-process measurements supplied; captures are network-only,"Scenario-level labels via file names (polling-only baseline, MS08-067 exploit, C2 upload, fake command, file moves); no per-packet labels",README describes RTU counts and polling intervals; no diagram,No license file found in repository tree; academic citation requested (CSET 2016),Permission required,Public download; no explicit reuse grant; contact authors before bundling into commercial training,Emulated lab traffic with real exploitation tooling,No independent process truth; realism limited to protocol exchanges,Baselines are short and low-diversity; do not treat polling-only capture as a production baseline,Beginner–intermediate,Low,"IT-to-OT pivot investigation, Modbus write detection, baseline versus attack comparison",Permission required,https://github.com/antoine-lemay/Modbus_dataset,https://github.com/antoine-lemay/Modbus_dataset,2026-09-28
R15,gymgit S7comm client/PLC captures,Dataset / capture,"Bench captures between engineering clients (STEP 7 5.5, TIA Portal v13, Snap7 client, WinCC Advanced) and S7-300/S7-400 PLCs",Siemens S7-300 and S7-400 PLCs; Windows engineering workstations,"S7comm (incl. authentication, firmware update, block upload/download per README)",README function list; 21 files verified by magic number; IPs rewritten by author (tcprewrite),"21 pcap files, 29 MB; GitHub raw",None,No physical-process measurements supplied; captures are network-only,Per-file function labels via names; no attack labels (benign engineering operations),README only,No license file; README states captures were created for public use,Attribution / review,Public download; author statement contemplates public use but is not a formal license,Authentic engineering-session traffic with addresses rewritten,No independent process truth; realism limited to protocol exchanges,"Security-critical functions (password, firmware) are benign operator actions here, not attacks",Intermediate,Low,"S7comm function decoding, engineering-workstation behavior baselining, detection of block/firmware writes",Curate & validate,https://github.com/gymgit/s7-pcaps,https://github.com/gymgit/s7-pcaps,2026-09-28
R16,EmreEkin ICS-Pcaps protocol sampler,Dataset / capture,"Aggregated OT and IT protocol samples of mixed origin, organized by protocol folder","Unspecified; folder names only (DNP3, IEC 61850, IEC 104, BACnet, S7comm, Modbus, PROFINET, OMRON, EtherNet/IP, Zigbee, plus IT protocols)","DNP3, IEC 61850, IEC 60870-5-104, BACnet, S7comm, Modbus, PROFINET, OMRON FINS, EtherNet/IP/CIP, COTP, Zigbee, CoAP; IT protocols (DHCP, SNMP, HTTP, LLDP, NetBIOS)",Folder labels only; 241 files verified by magic number; four files were gzip-wrapped; seven DNP3 LFS objects are missing upstream (404) and duplicate OpenICS files in R13,"241 usable capture files, 276 MB; GitHub raw (seven listed DNP3 files unavailable)",None,No physical-process measurements supplied; captures are network-only,None; sampler only,None,No license file; origin of individual captures not documented,Permission required,Public download; mixed and undocumented provenance makes redistribution rights unclear,Unknown per file; many appear to be short protocol samples,No independent process truth; realism limited to protocol exchanges,Provenance is undocumented; prefer R13 or R18 where the same capture exists with a license,Beginner,Low,Protocol identification drills; dissector exercises,Permission required,https://github.com/EmreEkin/ICS-Pcaps,https://github.com/EmreEkin/ICS-Pcaps,2026-09-28
R17,ICS CTF traffic (Modbus/TCP and S7comm),Dataset / capture,Capture-the-flag exercise traffic; scenario details in Chinese README with helper scripts,Unspecified PLC/HMI emulation,Modbus TCP and S7comm per README,README statement; one 49 MB pcapng verified by magic number; helper scripts included,"One pcapng file, 49 MB; GitHub raw","Python analysis scripts (packet parsing, decoding attempts, format transfer)",No physical-process measurements supplied; captures are network-only,CTF challenge framing; flags embedded in traffic per README; no formal attack labels,None,No license file,Permission required,Public download; no reuse grant,Synthetic CTF traffic,No independent process truth; realism limited to protocol exchanges,"Puzzle traffic, not operational baseline",Intermediate,Low,Scored CTF-style packet forensics,Permission required,https://github.com/NewBee119/ctf_ics_traffic,https://github.com/NewBee119/ctf_ics_traffic,2026-09-28
R18,ControlThings ct-samples protocol captures,Dataset / capture,Training samples curated by ControlThings I/O for protocol analysis courses; mixed lab and public-event origin,"Per folder: IEC 61850 IEDs, S7 PLCs, BACnet controllers, DLMS/COSEM meters, DNP3, C37.118 PMUs, IEC 104, Modbus, ANSI C12.22, SBus, Zigbee","IEC 61850, S7comm, BACnet, DLMS-COSEM, DNP3, Zigbee, C37.118, IEC 60870-5-104, Modbus, C12.22, SBus; a combined SANS Holiday Hack 2013 capture",Folder labels; 111 files verified by magic number; SANS_HolidayHack_2013.pcap (168 MB) retrieved from GitHub LFS,"111 capture files, 205 MB; GitHub raw plus one LFS object",Course materials elsewhere in repository (not imported),No physical-process measurements supplied; captures are network-only,No attack labels; Combined/ folder holds event captures,None,GNU GPL v3 (repository LICENSE); applicability of a software license to capture data is ambiguous,Attribution / review,Public download; GPL-3.0 terms apply as stated; clarify intent for data files before redistribution,Mixed authentic and training-built samples,No independent process truth; realism limited to protocol exchanges,"Samples are chosen for teaching clarity, not operational representativeness",Beginner–intermediate,Low,"Protocol analysis coursework, dissector drills, meter-protocol exposure (DLMS, C12.22)",Curate & validate,https://github.com/ControlThings-io/ct-samples/tree/master/Protocols,https://raw.githubusercontent.com/ControlThings-io/ct-samples/master/LICENSE,2026-09-28
R19,Nozomi tricotools TRITON/TriStation capture,Dataset / capture,Safety instrumented system (Triconex) engineering protocol; TRITON malware execution demonstration,"Triconex safety controller (emulated/lab), engineering workstation","TriStation (proprietary, UDP 1502)",Repository states capture is of TRITON execution; one file verified by magic number; dissector and honeypot tooling accompany it,"One pcap file, 0.5 MB; GitHub raw","Wireshark TriStation dissector (Lua), honeypot script",No physical-process measurements supplied; captures are network-only,Single malicious-session capture; no benign baseline,None,BSD 3-Clause (repository LICENSE),Attribution / review,Public download; BSD attribution required,Lab reproduction of real malware protocol behavior,No independent process truth; realism limited to protocol exchanges,One session only; not representative of normal TriStation engineering traffic volumes,Advanced,Low,"Safety-system attack walkthrough, custom dissector exercise, TRITON detection logic",Curate & validate,https://github.com/NozomiNetworks/tricotools,https://raw.githubusercontent.com/NozomiNetworks/tricotools/master/LICENSE,2026-09-28
R20,University of Coimbra ICS_PCAPS MODBUSTCP#1,Dataset / capture,Modbus TCP SCADA testbed under flooding and DDoS conditions (University of Coimbra CyberSec),Modbus TCP master/slaves (per archive folder names); attacker hosts,Modbus TCP; TCP SYN and ICMP flood traffic,"Archive folder names (modbusQueryFlooding, modbusQuery2Flooding, pingFloodDDoS, tcpSYNFloodDDoS); three zips integrity-tested; inner pcaps not individually verified","Three GitHub release archives: 670 MB + 195 MB + 224 MB packed, about 4.5 GB unpacked (166 + 37 + 37 entries)",None documented,No physical-process measurements supplied; captures are network-only,"Scenario-level labels by folder and file name (attack type, duration); no per-packet labels",None found in release,No license file in repository or release,Permission required,Public download; no reuse grant; large volume,Testbed traffic under volumetric attack,No independent process truth; realism limited to protocol exchanges,Flooding captures are volumetric; benign baseline share per archive not characterized,Intermediate,Intermediate,"DoS/flood detection tuning, Modbus availability-impact exercises, large-capture handling",Permission required,"https://github.com/tjcruz-dei/ICS_PCAPS/releases/tag/MODBUSTCP%231
https://github.com/tjcruz-dei/ICS_PCAPS",https://github.com/tjcruz-dei/ICS_PCAPS,2026-09-28
R21,UOWM IEC 60870-5-104 Intrusion Detection Dataset,Dataset / capture,"Emulated IEC 104 substation: five virtual RTUs (IEC TestServer), two physical RTUs, one MTU/HMI (QTester104), three attacker hosts","RTUs (virtual and physical), MTU/HMI workstation, Kali attackers",IEC 60870-5-104,Zenodo record documents per-entity pcap plus CICFlowMeter and IEC 104 flow CSVs per attack; 13 archives MD5-verified against record; inner files not individually verified,"12 attack archives (7z, 69 to 107 MB each) plus balanced CSV archive; Zenodo direct download",Labelled CICFlowMeter TCP/IP flow CSVs and IEC 104 flow-statistics CSVs; attack diagrams; ReadMe PDF,No physical-process measurements supplied; captures are network-only,"Twelve labelled attacks: unauthorized C_CI/C_SC/C_SE/C_RD/C_RP commands, MITM drop, and six command-flood DoS variants; labels at flow level","Topology described in record (7 entities, HMI, 3 attackers)",Creative Commons Attribution 4.0 (Zenodo record license field); citation to IEEE TII 2022 paper requested,Attribution / review,Public download; attribution and citation required,"Emulated RTUs with real attack tooling (Metasploit, j60870, Ettercap)",No independent process truth; realism limited to protocol exchanges,Two-hour and four-hour attack windows; benign share per capture not characterized here,Intermediate–advanced,Intermediate,"IEC 104 command-injection and flood detection, flow-feature ML/IDS training, MITM drop analysis",Curate & validate,https://zenodo.org/records/7108614,https://zenodo.org/records/7108614,2026-09-28
