Resource,Release / edition,Data / event content,PCAP status,Critical handling note,Freeze recommendation,Sources
GRFICSv3,"Current default branch, not commit-pinned",Containerized chemical-process environment,Generate,Bundled PLC is not automatically standalone OpenPLC v4. Configured 100 ms polling is not a measured capture property,"Pin repository commit, image digests, controller logic, seed and capture vantage","https://github.com/Fortiphyd/GRFICSv3
https://raw.githubusercontent.com/Fortiphyd/GRFICSv3/main/plc/mbconfig.cfg
https://raw.githubusercontent.com/Fortiphyd/GRFICSv3/main/docker-compose.yml"
OpenPLC,Standalone runtime v4,Headless runtime; plugin-oriented protocol support,Generate,Version 4 has a different architecture and MIT runtime license; legacy docs may refer to another runtime,"Record runtime, editor and plugin versions separately","https://github.com/Autonomy-Logic/openplc-runtime
https://raw.githubusercontent.com/Autonomy-Logic/openplc-runtime/main/plugins_default.conf
https://raw.githubusercontent.com/Autonomy-Logic/openplc-runtime/main/LICENSE"
SWaT,A1 / A2: December 2015 collection and normal-file update,Normal + attacked process/network data; later normal-file edit removes an initial tank-drain segment,Network data described; inspect exact distributed files,Retain version information: deleting a benign startup/drain segment changes the definition of normal,Use exact file version; validate labels and event count from accompanying release documentation,https://www.sutd.edu.sg/itrust/itrust-labs/datasets/dataset-characteristics/swat/
SWaT,A6: December 2019,"PCAP and historian CSV; three normal hours, one attack hour and six described attacks",Explicitly available by request,"Good candidate for manageable integrated exercises, subject to no-sharing terms",Request written event permission and exact file manifest before selection,"https://www.sutd.edu.sg/itrust/itrust-labs/datasets/dataset-characteristics/swat/
https://www.sutd.edu.sg/itrust/itrust-labs/datasets/terms-of-usage/"
SWaT + WADI,"December 18–22, 2023 joint collection",105 hours: five closed-loop and 100 crossover; no attacks,Both provide PCAP + historian,Approximately 429 GB SWaT + 335 GB WADI; derived network-flow data incomplete,Select synchronized excerpts and preserve start/end timestamps and source-file IDs,"https://www.sutd.edu.sg/itrust/itrust-labs/datasets/dataset-characteristics/swat/
https://www.sutd.edu.sg/itrust/itrust-labs/datasets/dataset-characteristics/wadi/"
SWaT,December 2023 identifier discrepancy,Characteristics page uses A9; summary lists A10 for this acquisition,Date-based collection known; edition ID unresolved,Do not silently choose an ID or combine unrelated November 2022 / December 2023 files,Resolve edition ID with owner; refer to acquisition dates meanwhile,"https://www.sutd.edu.sg/itrust/itrust-labs/datasets/dataset-characteristics/swat/
https://www.sutd.edu.sg/itrust/itrust-labs/datasets/summary-of-available-datasets/"
SWaT,A11 February 2026; A12 March 2026,Listed in owner summary; detailed contents not established in reviewed characteristics page,Unverified,"Do not assume attacked traffic, protocols, tags or PCAP formats from older releases",Treat as discovery entries until release-specific documentation and permission obtained,https://www.sutd.edu.sg/itrust/itrust-labs/datasets/summary-of-available-datasets/
WADI,A1: October 2017,"Fourteen normal days, two attacked days, 123 sensor/actuator channels and 15 attacks",Not confirmed in distributed A1 package,Physical CSV is useful but not evidence of an available attacked PCAP,Obtain complete release manifest before assigning a packet-analysis challenge,https://www.sutd.edu.sg/itrust/itrust-labs/datasets/dataset-characteristics/wadi/
WADI,A2: corrected 2017-data release,Normal values filtered; attack dates corrected; -1 denotes attack and +1 denotes normal,Not confirmed,Label polarity differs from common 0/1 schemas; preserve a documented conversion,Normalize labels explicitly; preserve original label column separately,https://www.sutd.edu.sg/itrust/itrust-labs/datasets/dataset-characteristics/wadi/
WADI,A3: December 2023,Attack-free PCAP + historian; part of synchronized joint SWaT/WADI run,Explicitly available by request,Do not attach 2017 attack labels to these 2023 traces,"Use as normal baseline / cross-system modeling, not as attacked network ground truth","https://www.sutd.edu.sg/itrust/itrust-labs/datasets/dataset-characteristics/wadi/
https://www.sutd.edu.sg/itrust/itrust-labs/datasets/terms-of-usage/"
HAI,20.07 and 21.03,Process time series; release-dependent signal set and process/global attack flags,None described,"Time continuity applies within a CSV file, not automatically across all files",Keep file/run boundaries; choose a single version for a benchmark,https://github.com/icsdataset/hai
HAI,22.04,Process time series; per-process attack flags removed,None described,Use global flag and provided attack-target context; download actual Git LFS objects,Check schema and label availability before writing loaders,https://github.com/icsdataset/hai
HAI / HAIEnd,23.05,Paired process and internal boiler-control values from the same experiments,None described,"Simultaneous collection improves context, not raw packet coverage; license notices conflict",Align by verified timestamps and run IDs; resolve license before redistribution,https://github.com/icsdataset/hai
IEC61850SecurityDataset,Published synthesized substation scenarios,"Normal, legitimate disturbances and attack PCAPNG; per-device CSV and configuration",Provided,"Attack CSV is reused normal baseline, not post-attack measured response",Retain scenario/frame annotations and clearly label truth limitations,https://github.com/smartgridadsc/IEC61850SecurityDataset
KNX,2020 baseline + merged attack sessions,Real-home bus captures plus enriched metadata,Provided,Attack-session timestamps modified for insertion; Target includes system responses,Preserve original ordering/context and document label semantics,https://github.com/vgraveto/knx-datasets
4SICS,"October 20–22, 2015",Three heterogeneous conference-lab captures,Provided,Mixed testing/attack activity; no assertion that a whole file is benign,"Curate short explained segments after protocol, privacy and timing validation",https://www.netresec.com/?page=PCAP4SICS
S4x15,January 2015,Eight per-device / host capture files,Provided,Cross-file timeline and duplicate traffic require inspection; no complete label set established,"Resolve rights, inspect clocks/capture vantage, then author an event key",https://www.netresec.com/?page=DigitalBond_S4
NIST SP 800-82,Revision 3 final; Revision 4 initial public draft,"Final guidance plus September 21, 2026 draft",Not applicable,"Draft is not final. Comment deadline listed as November 30, 2026",Baseline on Revision 3; track draft additions separately,"https://csrc.nist.gov/pubs/sp/800/82/r3/final
https://csrc.nist.gov/pubs/sp/800/82/r4/ipd"
MITRE ATT&CK,Website version 19.2 at review,Versioned ICS knowledge-base collection,Not applicable,Technique identifiers / definitions can change; website version does not substitute for file hash,"Pin exact STIX bundle, collection version, date and hash","https://github.com/mitre-attack/attack-stix-data
https://attack.mitre.org/resources/versions/"
