ID,Resource,License / stated terms,Internal event sharing,Public redistribution,Attribution / obligations,What the license covers,Clearance gate,Required next action,Sources
R01,GRFICSv3,GNU General Public License version 3 (GPL-3.0),Software use / sharing subject to applicable licenses; clean self-generated outputs need separate review,Software distribution must satisfy applicable source/notice obligations; capture-output rights are not automatic,Preserve software notices; assess source obligations and third-party components,"Repository software, not every dependency, image or item recorded in a capture",Own-output review,Pin source and images; generate clean scenarios; establish an explicit license for authored output,"https://raw.githubusercontent.com/Fortiphyd/GRFICSv3/main/LICENSE
https://github.com/Fortiphyd/GRFICSv3"
R02,OpenPLC Runtime v4,MIT license,Runtime permitted under license; check other components,Runtime redistribution permitted with copyright and license notice,Retain copyright and permission notice in copies / substantial portions,"This runtime repository, not all historic OpenPLC releases or external components",Own-output review,Freeze exact version; check editor/plugins; publish only clean authored traces,"https://raw.githubusercontent.com/Autonomy-Logic/openplc-runtime/main/LICENSE
https://github.com/Autonomy-Logic/openplc-runtime"
R03,Conpot,GNU General Public License version 2 (GPL-2.0),Software use under license; recordings require content/privacy review,Software distribution subject to license; do not assume capture contents inherit GPL,Preserve notices and satisfy relevant source obligations,Repository software; external templates/dependencies and recorded content need review,Own-output review,Use isolated authorized interactions; inventory redistributed dependencies,"https://raw.githubusercontent.com/mushorg/conpot/main/LICENSE.txt
https://github.com/mushorg/conpot"
R04,SWaT,Custom iTrust dataset terms,Do not share privately with additional participants without authorization,Do not share publicly,Credit iTrust; notify publication; requester/organization/date disclosure; further users request separately,Requested dataset release,Permission required,Obtain written event/team permission before uploading to an internal challenge server,https://www.sutd.edu.sg/itrust/itrust-labs/datasets/terms-of-usage/
R05,WADI,Custom iTrust dataset terms,Do not share privately with additional participants without authorization,Do not share publicly,"Same iTrust credit, notification, requester and access obligations",Requested dataset release,Permission required,Request exact release and event-specific sharing scope; do not redistribute through our bundle,https://www.sutd.edu.sg/itrust/itrust-labs/datasets/terms-of-usage/
R06,HAI / HAIEnd,License prose: Creative Commons Attribution-ShareAlike 4.0 (CC BY-SA 4.0); metadata: Creative Commons Attribution 4.0 (CC BY 4.0),Not marked automatically cleared while governing notice conflicts,Clarify governing version and adaptation obligations before redistributing,Attribution under both stated licenses; ShareAlike is an additional obligation under one,Dataset; conflict is between notices in the same source,License clarification,Obtain maintainer clarification and retain it with frozen release; do not silently choose the more permissive notice,https://github.com/icsdataset/hai
R07,IEC61850SecurityDataset,No explicit license found in reviewed tree,Download availability alone does not establish permission to share with participants,Do not assume permission,Author requests scholarly citation; citation does not substitute for a reuse grant,"README download/citation statements, not a confirmed redistribution license",Permission required,Ask owner for corporate training / derivative / redistribution permission,https://github.com/smartgridadsc/IEC61850SecurityDataset
R08,KNX contextual dataset,MIT repository license,"Permitted under repository license, with notice and privacy review",Permitted under repository license; verify external mirror terms if used,Retain copyright and permission notice,Material covered by repository license; external DataPort package terms not separately audited,Attribution / review,Use repository version; retain notices; inspect residential privacy and embedded data,"https://raw.githubusercontent.com/vgraveto/knx-datasets/main/LICENSE
https://github.com/vgraveto/knx-datasets"
R09,4SICS,Custom host statement contemplates redistribution and training,Training use contemplated with specified attribution,Redistribution contemplated with credit / backlink; not a broad SPDX software license,Credit CS3Sthlm and link the Netresec source page,Hosted 4SICS capture collection per page statement,Attribution / review,Preserve exact host statement and notices; screen captures; ask owner if planned use extends beyond statement,https://www.netresec.com/?page=PCAP4SICS
R10,S4x15,Host obtained permission to publish; downstream grant not established,Corporate repackaging / sharing requires clarification,Not established by host's publication permission,Preserve original attribution; obtain an explicit reuse grant,"Evidence of Netresec hosting authorization, not necessarily our onward-sharing rights",Permission required,Contact original organizers / owner for the proposed event and distribution model,https://www.netresec.com/?page=DigitalBond_S4
R11,NIST SP 800-82,NIST technical-series publication reuse policy,Generally reusable; inspect third-party credits,NIST-authored material reusable under policy; third-party exceptions remain,Use recommended citation; do not imply endorsement; inspect credited third-party graphics,"NIST-authored technical publication material, subject to the stated policy",Reference reuse,Cite Revision 3 final; clearly identify Revision 4 draft; preserve exceptions,"https://www.nist.gov/open/copyright-fair-use-and-licensing-statements-srd-data-software-and-technical-series-publications
https://csrc.nist.gov/pubs/sp/800/82/r3/final
https://csrc.nist.gov/pubs/sp/800/82/r4/ipd"
R12,MITRE ATT&CK for ICS,"MITRE custom license allows research, development and commercial use",Permitted subject to license / notice obligations,Permitted subject to license / notice obligations,Include copyright and license with copies; respect trademark / branding and no endorsement,ATT&CK data covered by the stated license,Reference reuse,Pin ICS STIX collection and license; record version and attribution,"https://raw.githubusercontent.com/mitre-attack/attack-stix-data/master/LICENSE.txt
https://attack.mitre.org/resources/legal-and-branding/
https://attack.mitre.org/resources/versions/"
